onset	duration	sample	value	gid
121.9208984375	n/a	124848	1111	0
121.9208984375	n/a	124848	1231	0
121.9208984375	n/a	124848	1311	1062
129.259765625	n/a	132363	2110	0
129.8359375	n/a	132953	1312	1062
129.8359375	n/a	132953	1321	4009
140.6376953125	n/a	144014	2120	0
146.5947265625	n/a	150114	1322	4009
146.5947265625	n/a	150114	1311	1082
157.287109375	n/a	161063	2110	0
157.857421875	n/a	161647	1312	1082
157.857421875	n/a	161647	1321	4018
165.4873046875	n/a	169460	2120	0
173.6845703125	n/a	177854	1322	4018
173.6845703125	n/a	177854	1311	1203
188.0537109375	n/a	192568	2120	0
191.849609375	n/a	196455	1312	1203
191.849609375	n/a	196455	1311	1158
201.0771484375	n/a	205904	2110	0
201.6484375	n/a	206489	1312	1158
201.6484375	n/a	206489	1311	1052
210.197265625	n/a	215243	2120	0
213.51953125	n/a	218645	1312	1052
213.51953125	n/a	218645	1331	4020
222.884765625	n/a	228235	2120	0
226.087890625	n/a	231515	1332	4020
226.087890625	n/a	231515	1311	1256
231.3720703125	n/a	236926	2110	0
231.9423828125	n/a	237510	1312	1256
231.9423828125	n/a	237510	1331	4028
238.763671875	n/a	244495	2120	0
241.3759765625	n/a	247170	1332	4028
241.3759765625	n/a	247170	1331	4037
253.1875	n/a	259265	2120	0
254.8994140625	n/a	261018	1332	4037
254.8994140625	n/a	261018	1311	1133
262.3955078125	n/a	268694	2110	0
262.966796875	n/a	269279	1312	1133
262.966796875	n/a	269279	1311	1033
276.634765625	n/a	283275	2110	0
277.2060546875	n/a	283860	1312	1033
277.2060546875	n/a	283860	1311	1153
284.73046875	n/a	291565	2110	0
285.2978515625	n/a	292146	1312	1153
285.2978515625	n/a	292146	1311	1031
289.9140625	n/a	296873	2110	0
290.4853515625	n/a	297458	1312	1031
290.4853515625	n/a	297458	1311	1174
299.5087890625	n/a	306698	2110	0
300.080078125	n/a	307283	1312	1174
300.080078125	n/a	307283	1311	1013
309.4814453125	n/a	316910	2110	0
310.052734375	n/a	317495	1312	1013
310.052734375	n/a	317495	1311	1177
326.4169921875	n/a	334252	2110	0
326.98828125	n/a	334837	1312	1177
326.98828125	n/a	334837	1311	1172
333.9951171875	n/a	342012	2110	0
334.5673828125	n/a	342598	1312	1172
334.5673828125	n/a	342598	1311	1251
342.8642578125	n/a	351094	2110	0
343.4697265625	n/a	351714	1312	1251
343.4697265625	n/a	351714	1232	0
374.75	n/a	383745	1231	0
374.75	n/a	383745	1311	1186
379.7529296875	n/a	388868	2110	0
380.3232421875	n/a	389452	1312	1186
380.3232421875	n/a	389452	1311	1218
385.974609375	n/a	395239	2110	0
386.5458984375	n/a	395824	1312	1218
386.5458984375	n/a	395824	1311	1151
400.3017578125	n/a	409910	2110	0
400.8740234375	n/a	410496	1312	1151
400.8740234375	n/a	410496	1311	1253
408.013671875	n/a	417807	2110	0
408.58203125	n/a	418389	1312	1253
408.58203125	n/a	418389	1311	1169
417.765625	n/a	427793	2110	0
418.3408203125	n/a	428382	1312	1169
418.3408203125	n/a	428382	1311	1190
426.4130859375	n/a	436648	2110	0
426.986328125	n/a	437235	1312	1190
426.986328125	n/a	437235	1311	1068
438.3720703125	n/a	448894	2110	0
438.9443359375	n/a	449480	1312	1068
438.9443359375	n/a	449480	1311	1222
443.923828125	n/a	454579	2110	0
444.4951171875	n/a	455164	1312	1222
444.4951171875	n/a	455164	1311	1014
454.4521484375	n/a	465360	2110	0
455.0234375	n/a	465945	1312	1014
455.0234375	n/a	465945	1311	1071
460.3232421875	n/a	471372	2110	0
460.8955078125	n/a	471958	1312	1071
460.8955078125	n/a	471958	1311	1073
469.123046875	n/a	480383	2110	0
469.6943359375	n/a	480968	1312	1073
469.6943359375	n/a	480968	1361	4044
476.5712890625	n/a	488010	2120	0
479.6923828125	n/a	491206	1362	4044
479.6923828125	n/a	491206	1311	1155
488.298828125	n/a	500019	2110	0
488.8701171875	n/a	500604	1312	1155
488.8701171875	n/a	500604	1311	1211
496.05859375	n/a	507965	2110	0
499.6484375	n/a	511641	1312	1211
499.6484375	n/a	511641	1311	1228
508.4580078125	n/a	520662	2110	0
509.029296875	n/a	521247	1312	1228
509.029296875	n/a	521247	1311	1208
515.1162109375	n/a	527480	2110	0
515.6884765625	n/a	528066	1312	1208
515.6884765625	n/a	528066	1311	1104
519.9296875	n/a	532409	2110	0
520.5009765625	n/a	532994	1312	1104
520.5009765625	n/a	532994	1311	1175
526.9287109375	n/a	539576	2110	0
527.5009765625	n/a	540162	1312	1175
527.5009765625	n/a	540162	1311	1247
544.232421875	n/a	557295	2120	0
547.107421875	n/a	560239	1312	1247
547.107421875	n/a	560239	1361	4047
551.5517578125	n/a	564790	2120	0
554.1455078125	n/a	567446	1362	4047
554.1455078125	n/a	567446	1311	1046
561.85546875	n/a	575341	2110	0
562.4287109375	n/a	575928	1312	1046
562.4287109375	n/a	575928	1311	1196
572.6953125	n/a	586441	2110	0
573.26953125	n/a	587029	1312	1196
573.26953125	n/a	587029	1311	1095
580.7353515625	n/a	594674	2110	0
581.306640625	n/a	595259	1312	1095
581.306640625	n/a	595259	1311	1069
590.2861328125	n/a	604454	2110	0
590.857421875	n/a	605039	1312	1069
590.857421875	n/a	605039	1311	1161
597.158203125	n/a	611491	2110	0
597.732421875	n/a	612079	1312	1161
597.732421875	n/a	612079	1311	1097
604.486328125	n/a	618995	2110	0
605.05859375	n/a	619581	1312	1097
605.05859375	n/a	619581	1311	1114
613.3017578125	n/a	628022	2110	0
613.8720703125	n/a	628606	1312	1114
613.8720703125	n/a	628606	1311	1018
619.7255859375	n/a	634600	2110	0
620.296875	n/a	635185	1312	1018
620.296875	n/a	635185	1311	1111
626.6455078125	n/a	641686	2110	0
627.2158203125	n/a	642270	1312	1111
627.2158203125	n/a	642270	1311	1165
636.884765625	n/a	652171	2110	0
637.45703125	n/a	652757	1312	1165
637.45703125	n/a	652757	1311	1051
644.6767578125	n/a	660150	2110	0
645.2470703125	n/a	660734	1312	1051
645.2470703125	n/a	660734	1311	1026
654.6201171875	n/a	670332	2110	0
655.251953125	n/a	670979	1312	1026
655.251953125	n/a	670979	1232	0
692.2431640625	n/a	708858	1231	0
692.2431640625	n/a	708858	1311	1081
697.1142578125	n/a	713846	2110	0
720.318359375	n/a	737607	1312	1081
720.318359375	n/a	737607	1331	4029
725.8251953125	n/a	743246	2120	0
757.1435546875	n/a	775316	1332	4029
757.1435546875	n/a	775316	1311	1044
764.3681640625	n/a	782714	2110	0
764.9365234375	n/a	783296	1312	1044
764.9365234375	n/a	783296	1311	1090
770.3037109375	n/a	788792	2110	0
770.873046875	n/a	789375	1312	1090
770.873046875	n/a	789375	1311	1184
782.3037109375	n/a	801080	2110	0
782.8740234375	n/a	801664	1312	1184
782.8740234375	n/a	801664	1311	1191
791.0146484375	n/a	810000	2110	0
791.5859375	n/a	810585	1312	1191
791.5859375	n/a	810585	1311	1001
796.9267578125	n/a	816054	2110	0
797.4951171875	n/a	816636	1312	1001
797.4951171875	n/a	816636	1311	1005
805.1748046875	n/a	824500	2110	0
805.7451171875	n/a	825084	1312	1005
805.7451171875	n/a	825084	1311	1016
816.517578125	n/a	836115	2110	0
817.08984375	n/a	836701	1312	1016
817.08984375	n/a	836701	1311	1183
820.6376953125	n/a	840334	2110	0
821.2080078125	n/a	840918	1312	1183
821.2080078125	n/a	840918	1311	1230
827.109375	n/a	846961	2110	0
827.6796875	n/a	847545	1312	1230
827.6796875	n/a	847545	1311	1140
832.3330078125	n/a	852310	2110	0
832.9052734375	n/a	852896	1312	1140
832.9052734375	n/a	852896	1331	4034
836.5732421875	n/a	856652	2120	0
839.005859375	n/a	859143	1332	4034
839.005859375	n/a	859143	1341	4041
844.1884765625	n/a	864450	2120	0
850.4072265625	n/a	870818	1342	4041
850.4072265625	n/a	870818	1311	1171
855.4921875	n/a	876025	2110	0
856.0634765625	n/a	876610	1312	1171
856.0634765625	n/a	876610	1311	1067
861.5322265625	n/a	882210	2110	0
862.099609375	n/a	882791	1312	1067
862.099609375	n/a	882791	1311	1128
868.083984375	n/a	888919	2110	0
868.6552734375	n/a	889504	1312	1128
868.6552734375	n/a	889504	1341	4043
878.4677734375	n/a	899552	2110	0
879.0361328125	n/a	900134	1342	4043
879.0361328125	n/a	900134	1311	1135
884.4677734375	n/a	905696	2110	0
885.0361328125	n/a	906278	1312	1135
885.0361328125	n/a	906278	1311	1029
893.4833984375	n/a	914928	2110	0
894.0537109375	n/a	915512	1312	1029
894.0537109375	n/a	915512	1311	1197
898.283203125	n/a	919843	2110	0
898.8525390625	n/a	920426	1312	1197
898.8525390625	n/a	920426	1311	1226
904.37890625	n/a	926085	2110	0
904.9501953125	n/a	926670	1312	1226
904.9501953125	n/a	926670	1331	4031
911.154296875	n/a	933023	2120	0
912.93359375	n/a	934845	1332	4031
912.93359375	n/a	934845	1331	4030
916.6025390625	n/a	938602	2120	0
918.2734375	n/a	940313	1332	4030
918.2734375	n/a	940313	1311	1098
928.6259765625	n/a	950914	2110	0
929.1962890625	n/a	951498	1312	1098
929.1962890625	n/a	951498	1311	1041
937.45703125	n/a	959957	2110	0
938.0302734375	n/a	960544	1312	1041
938.0302734375	n/a	960544	1311	1257
943.6416015625	n/a	966290	2110	0
944.208984375	n/a	966871	1312	1257
944.208984375	n/a	966871	1311	1156
948.5771484375	n/a	971344	2110	0
949.1474609375	n/a	971928	1312	1156
949.1474609375	n/a	971928	1311	1122
956.392578125	n/a	979347	2110	0
956.96484375	n/a	979933	1312	1122
956.96484375	n/a	979933	1311	1221
963.576171875	n/a	986703	2110	0
964.2548828125	n/a	987398	1312	1221
964.2548828125	n/a	987398	1232	0
968.8662109375	n/a	992120	1231	0
968.8662109375	n/a	992120	1311	1054
975.3515625	n/a	998761	2110	0
975.919921875	n/a	999343	1312	1054
975.919921875	n/a	999343	1311	1160
980.4873046875	n/a	1004020	2110	0
981.0556640625	n/a	1004602	1312	1160
981.0556640625	n/a	1004602	1321	4012
985.0654296875	n/a	1008708	2120	0
992.5263671875	n/a	1016348	1322	4012
992.5263671875	n/a	1016348	1311	1233
997.302734375	n/a	1021239	2110	0
997.8759765625	n/a	1021826	1312	1233
997.8759765625	n/a	1021826	1311	1077
1006.1826171875	n/a	1030332	2110	0
1006.7548828125	n/a	1030918	1312	1077
1006.7548828125	n/a	1030918	1311	1224
1011.630859375	n/a	1035911	2110	0
1012.2021484375	n/a	1036496	1312	1224
1012.2021484375	n/a	1036496	1311	1116
1020.216796875	n/a	1044703	2110	0
1020.791015625	n/a	1045291	1312	1116
1020.791015625	n/a	1045291	1311	1072
1026.765625	n/a	1051409	2110	0
1027.3359375	n/a	1051993	1312	1072
1027.3359375	n/a	1051993	1311	1058
1034.93359375	n/a	1059773	2110	0
1035.50390625	n/a	1060357	1312	1058
1035.50390625	n/a	1060357	1311	1047
1042.4775390625	n/a	1067498	2110	0
1043.046875	n/a	1068081	1312	1047
1043.046875	n/a	1068081	1311	1255
1050.373046875	n/a	1075583	2110	0
1050.9443359375	n/a	1076168	1312	1255
1050.9443359375	n/a	1076168	1321	4013
1061.556640625	n/a	1087035	2120	0
1118.9765625	n/a	1145833	1322	4013
1118.9765625	n/a	1145833	1311	1134
1125.9306640625	n/a	1152954	2110	0
1137.064453125	n/a	1164355	1312	1134
1137.064453125	n/a	1164355	1311	1034
1142.6572265625	n/a	1170082	2110	0
1151.02734375	n/a	1178653	1312	1034
1151.02734375	n/a	1178653	1351	4049
1157.369140625	n/a	1185147	2120	0
1159.98046875	n/a	1187821	1352	4049
1159.98046875	n/a	1187821	1311	1194
1166.6728515625	n/a	1194674	2110	0
1167.2421875	n/a	1195257	1312	1194
1167.2421875	n/a	1195257	1311	1121
1171.6328125	n/a	1199753	2110	0
1172.205078125	n/a	1200339	1312	1121
1172.205078125	n/a	1200339	1321	4002
1180.1845703125	n/a	1208510	2120	0
1182.34765625	n/a	1210725	1322	4002
1182.34765625	n/a	1210725	1311	1227
1187.65625	n/a	1216161	2110	0
1188.23046875	n/a	1216749	1312	1227
1188.23046875	n/a	1216749	1331	4023
1191.591796875	n/a	1220191	2120	0
1194.8427734375	n/a	1223520	1332	4023
1194.8427734375	n/a	1223520	1331	4035
1197.791015625	n/a	1226539	2120	0
1199.587890625	n/a	1228379	1332	4035
1199.587890625	n/a	1228379	1311	1100
1206.9990234375	n/a	1235968	2110	0
1207.5859375	n/a	1236569	1312	1100
1207.5859375	n/a	1236569	1311	1152
1215.54296875	n/a	1244717	2110	0
1216.1337890625	n/a	1245322	1312	1152
1216.1337890625	n/a	1245322	1331	4021
1219.9501953125	n/a	1249230	2120	0
1221.8046875	n/a	1251129	1332	4021
1221.8046875	n/a	1251129	1331	4027
1225.5029296875	n/a	1254916	2120	0
1227.044921875	n/a	1256495	1332	4027
1227.044921875	n/a	1256495	1311	1096
1234.8701171875	n/a	1264508	2110	0
1235.4423828125	n/a	1265094	1312	1096
1235.4423828125	n/a	1265094	1311	1131
1240.685546875	n/a	1270463	2110	0
1241.2548828125	n/a	1271046	1312	1131
1241.2548828125	n/a	1271046	1311	1000
1246.94921875	n/a	1276877	2110	0
1247.521484375	n/a	1277463	1312	1000
1247.521484375	n/a	1277463	1311	1232
1252.6455078125	n/a	1282710	2110	0
1261.0126953125	n/a	1291278	1312	1232
1261.0126953125	n/a	1291278	1311	1182
1266.7646484375	n/a	1297168	2110	0
1267.3330078125	n/a	1297750	1312	1182
1267.3330078125	n/a	1297750	1311	1108
1271.8203125	n/a	1302345	2110	0
1272.5478515625	n/a	1303090	1312	1108
1272.5478515625	n/a	1303090	1232	0
1345.8447265625	n/a	1378146	1231	0
1345.8447265625	n/a	1378146	1311	1129
1352.10546875	n/a	1384557	2110	0
1352.6748046875	n/a	1385140	1312	1129
1352.6748046875	n/a	1385140	1311	1078
1357.4091796875	n/a	1389988	2110	0
1357.982421875	n/a	1390575	1312	1078
1357.982421875	n/a	1390575	1311	1113
1364.80078125	n/a	1397557	2110	0
1365.3740234375	n/a	1398144	1312	1113
1365.3740234375	n/a	1398144	1311	1250
1369.2890625	n/a	1402153	2110	0
1369.8740234375	n/a	1402752	1312	1250
1369.8740234375	n/a	1402752	1311	1045
1375.14453125	n/a	1408149	2110	0
1375.7138671875	n/a	1408732	1312	1045
1375.7138671875	n/a	1408732	1311	1059
1382.9609375	n/a	1416153	2110	0
1383.5341796875	n/a	1416740	1312	1059
1383.5341796875	n/a	1416740	1311	1180
1391.3681640625	n/a	1424762	2110	0
1391.9365234375	n/a	1425344	1312	1180
1391.9365234375	n/a	1425344	1311	1225
1395.240234375	n/a	1428727	2110	0
1395.814453125	n/a	1429315	1312	1225
1395.814453125	n/a	1429315	1311	1173
1402.4443359375	n/a	1436104	2110	0
1403.013671875	n/a	1436687	1312	1173
1403.013671875	n/a	1436687	1311	1035
1408.0576171875	n/a	1441852	2110	0
1408.6318359375	n/a	1442440	1312	1035
1408.6318359375	n/a	1442440	1311	1209
1415.0791015625	n/a	1449042	2110	0
1415.6533203125	n/a	1449630	1312	1209
1415.6533203125	n/a	1449630	1311	1241
1419.5830078125	n/a	1453654	2110	0
1420.1533203125	n/a	1454238	1312	1241
1420.1533203125	n/a	1454238	1311	1231
1424.623046875	n/a	1458815	2110	0
1425.1923828125	n/a	1459398	1312	1231
1425.1923828125	n/a	1459398	1311	1235
1430.8466796875	n/a	1465188	2110	0
1431.416015625	n/a	1465771	1312	1235
1431.416015625	n/a	1465771	1311	1195
1437.134765625	n/a	1471627	2110	0
1437.7099609375	n/a	1472216	1312	1195
1437.7099609375	n/a	1472216	1311	1199
1444.2783203125	n/a	1478942	2110	0
1444.8505859375	n/a	1479528	1312	1199
1444.8505859375	n/a	1479528	1311	1065
1450.2138671875	n/a	1485020	2110	0
1450.798828125	n/a	1485619	1312	1065
1450.798828125	n/a	1485619	1311	1089
1454.662109375	n/a	1489575	2110	0
1455.25	n/a	1490177	1312	1089
1455.25	n/a	1490177	1311	1216
1460.4931640625	n/a	1495546	2110	0
1461.068359375	n/a	1496135	1312	1216
1461.068359375	n/a	1496135	1311	1187
1467.4375	n/a	1502657	2110	0
1468.0224609375	n/a	1503256	1312	1187
1468.0224609375	n/a	1503256	1311	1012
1472.5166015625	n/a	1507858	2110	0
1473.0947265625	n/a	1508450	1312	1012
1473.0947265625	n/a	1508450	1311	1223
1477.4287109375	n/a	1512888	2110	0
1478.0166015625	n/a	1513490	1312	1223
1478.0166015625	n/a	1513490	1311	1006
1488.8369140625	n/a	1524570	2110	0
1489.427734375	n/a	1525175	1312	1006
1489.427734375	n/a	1525175	1331	4019
1491.412109375	n/a	1527207	2120	0
1492.919921875	n/a	1528751	1332	4019
1492.919921875	n/a	1528751	1311	1110
1501.01953125	n/a	1537045	2110	0
1501.603515625	n/a	1537643	1312	1110
1501.603515625	n/a	1537643	1311	1107
1508.4921875	n/a	1544697	2110	0
1509.0791015625	n/a	1545298	1312	1107
1509.0791015625	n/a	1545298	1311	1149
1514.7958984375	n/a	1551152	2110	0
1515.3818359375	n/a	1551752	1312	1149
1515.3818359375	n/a	1551752	1311	1157
1527.2587890625	n/a	1563914	2110	0
1527.8310546875	n/a	1564500	1312	1157
1527.8310546875	n/a	1564500	1311	1210
1536.482421875	n/a	1573359	2110	0
1537.068359375	n/a	1573959	1312	1210
1537.068359375	n/a	1573959	1311	1132
1541.8662109375	n/a	1578872	2110	0
1542.451171875	n/a	1579471	1312	1132
1542.451171875	n/a	1579471	1311	1243
1547.986328125	n/a	1585139	2110	0
1548.5712890625	n/a	1585738	1312	1243
1548.5712890625	n/a	1585738	1321	4000
1553.666015625	n/a	1590955	2120	0
1556.2744140625	n/a	1593626	1322	4000
1556.2744140625	n/a	1593626	1311	1212
1563.9697265625	n/a	1601506	2110	0
1581.853515625	n/a	1619819	1312	1212
1581.853515625	n/a	1619819	1232	0
1591.853515625	n/a	1630059	3111	0
1677.48828125	n/a	1717749	3112	0
1687.48828125	n/a	1727989	1231	0
1687.48828125	n/a	1727989	1311	1030
1692.5107421875	n/a	1733132	2110	0
1693.099609375	n/a	1733735	1312	1030
1693.099609375	n/a	1733735	1311	1024
1698.732421875	n/a	1739503	2110	0
1707.6025390625	n/a	1748586	1312	1024
1707.6025390625	n/a	1748586	1351	4052
1714.908203125	n/a	1756067	2120	0
1717.6064453125	n/a	1758830	1352	4052
1717.6064453125	n/a	1758830	1311	1102
1722.3955078125	n/a	1763734	2110	0
1743.587890625	n/a	1785435	1312	1102
1743.587890625	n/a	1785435	1311	1007
1747.5146484375	n/a	1789456	2110	0
1748.08203125	n/a	1790037	1312	1007
1748.08203125	n/a	1790037	1311	1119
1755.1083984375	n/a	1797232	2110	0
1755.677734375	n/a	1797815	1312	1119
1755.677734375	n/a	1797815	1311	1204
1759.169921875	n/a	1801391	2110	0
1759.7373046875	n/a	1801972	1312	1204
1759.7373046875	n/a	1801972	1311	1234
1763.3056640625	n/a	1805626	2110	0
1763.873046875	n/a	1806207	1312	1234
1763.873046875	n/a	1806207	1321	4016
1767.3056640625	n/a	1809722	2120	0
1769.5673828125	n/a	1812038	1322	4016
1769.5673828125	n/a	1812038	1331	4025
1772.529296875	n/a	1815071	2120	0
1775.91015625	n/a	1818533	1332	4025
1775.91015625	n/a	1818533	1311	1193
1780.265625	n/a	1822993	2110	0
1780.857421875	n/a	1823599	1312	1193
1780.857421875	n/a	1823599	1311	1189
1785.185546875	n/a	1828031	2110	0
1785.77734375	n/a	1828637	1312	1189
1785.77734375	n/a	1828637	1321	4004
1788.4892578125	n/a	1831414	2120	0
1791.486328125	n/a	1834483	1322	4004
1791.486328125	n/a	1834483	1311	1127
1800.4248046875	n/a	1843636	2110	0
1801.017578125	n/a	1844243	1312	1127
1801.017578125	n/a	1844243	1311	1063
1805.5283203125	n/a	1848862	2110	0
1806.1162109375	n/a	1849464	1312	1063
1806.1162109375	n/a	1849464	1311	1075
1810.919921875	n/a	1854383	2110	0
1811.505859375	n/a	1854983	1312	1075
1811.505859375	n/a	1854983	1311	1244
1817.4638671875	n/a	1861084	2110	0
1818.0546875	n/a	1861689	1312	1244
1818.0546875	n/a	1861689	1331	4036
1820.6318359375	n/a	1864328	2120	0
1823.3759765625	n/a	1867138	1332	4036
1823.3759765625	n/a	1867138	1311	1112
1827.6318359375	n/a	1871496	2110	0
1828.216796875	n/a	1872095	1312	1112
1828.216796875	n/a	1872095	1361	4045
1834.52734375	n/a	1878557	2110	0
1835.0966796875	n/a	1879140	1362	4045
1835.0966796875	n/a	1879140	1321	4003
1839.5830078125	n/a	1883734	2120	0
1842.115234375	n/a	1886327	1322	4003
1842.115234375	n/a	1886327	1311	1201
1845.1611328125	n/a	1889446	2110	0
1845.7421875	n/a	1890041	1312	1201
1845.7421875	n/a	1890041	1311	1056
1850.03125	n/a	1894433	2110	0
1850.603515625	n/a	1895019	1312	1056
1850.603515625	n/a	1895019	1311	1166
1853.5830078125	n/a	1898070	2110	0
1854.166015625	n/a	1898667	1312	1166
1854.166015625	n/a	1898667	1311	1215
1858.5419921875	n/a	1903148	2110	0
1859.1142578125	n/a	1903734	1312	1215
1859.1142578125	n/a	1903734	1311	1200
1866.6064453125	n/a	1911406	2110	0
1867.1923828125	n/a	1912006	1312	1200
1867.1923828125	n/a	1912006	1311	1008
1871.765625	n/a	1916689	2110	0
1872.357421875	n/a	1917295	1312	1008
1872.357421875	n/a	1917295	1311	1085
1876.333984375	n/a	1921367	2110	0
1876.92578125	n/a	1921973	1312	1085
1876.92578125	n/a	1921973	1331	4024
1879.765625	n/a	1924881	2120	0
1882.4990234375	n/a	1927680	1332	4024
1882.4990234375	n/a	1927680	1311	1042
1887.373046875	n/a	1932671	2110	0
1887.95703125	n/a	1933269	1312	1042
1887.95703125	n/a	1933269	1311	1084
1891.6376953125	n/a	1937038	2110	0
1892.224609375	n/a	1937639	1312	1084
1892.224609375	n/a	1937639	1311	1148
1895.63671875	n/a	1941133	2110	0
1938.4736328125	n/a	1984998	1312	1148
1938.4736328125	n/a	1984998	1311	1220
1943.203125	n/a	1989841	2110	0
1943.775390625	n/a	1990427	1312	1220
1943.775390625	n/a	1990427	1341	4039
1948.1787109375	n/a	1994936	2110	0
1959.5693359375	n/a	2006600	1342	4039
1959.5693359375	n/a	2006600	1311	1117
1966.0341796875	n/a	2013220	2110	0
1966.6025390625	n/a	2013802	1312	1117
1966.6025390625	n/a	2013802	1311	1070
1971.7861328125	n/a	2019110	2110	0
1972.3583984375	n/a	2019696	1312	1070
1972.3583984375	n/a	2019696	1311	1249
1975.74609375	n/a	2023165	2110	0
1976.314453125	n/a	2023747	1312	1249
1976.314453125	n/a	2023747	1311	1206
1980.7216796875	n/a	2028260	2110	0
1981.294921875	n/a	2028847	1312	1206
1981.294921875	n/a	2028847	1311	1238
1985.169921875	n/a	2032815	2110	0
1986.0068359375	n/a	2033672	1312	1238
1986.0068359375	n/a	2033672	1232	0
2053.5986328125	n/a	2102886	1231	0
2053.5986328125	n/a	2102886	1311	1076
2058.111328125	n/a	2107507	2110	0
2058.6796875	n/a	2108089	1312	1076
2058.6796875	n/a	2108089	1311	1239
2061.966796875	n/a	2111455	2110	0
2062.537109375	n/a	2112039	1312	1239
2062.537109375	n/a	2112039	1311	1178
2065.88671875	n/a	2115469	2110	0
2066.4599609375	n/a	2116056	1312	1178
2066.4599609375	n/a	2116056	1321	4007
2072.150390625	n/a	2121883	2120	0
2075.2294921875	n/a	2125036	1322	4007
2075.2294921875	n/a	2125036	1311	1032
2079.8857421875	n/a	2129804	2110	0
2080.4580078125	n/a	2130390	1312	1032
2080.4580078125	n/a	2130390	1311	1145
2085.4140625	n/a	2135465	2110	0
2085.98828125	n/a	2136053	1312	1145
2085.98828125	n/a	2136053	1311	1011
2088.9814453125	n/a	2139118	2110	0
2089.5517578125	n/a	2139702	1312	1011
2089.5517578125	n/a	2139702	1321	4001
2093.189453125	n/a	2143427	2120	0
2095.4296875	n/a	2145721	1322	4001
2095.4296875	n/a	2145721	1311	1219
2099.677734375	n/a	2150071	2110	0
2145.5322265625	n/a	2197026	1312	1219
2145.5322265625	n/a	2197026	1321	4017
2148.443359375	n/a	2200007	2120	0
2151.013671875	n/a	2202639	1322	4017
2151.013671875	n/a	2202639	1311	1036
2155.8271484375	n/a	2207568	2110	0
2156.40625	n/a	2208161	1312	1036
2156.40625	n/a	2208161	1311	1237
2160.1708984375	n/a	2212016	2110	0
2174.5947265625	n/a	2226786	1312	1237
2174.5947265625	n/a	2226786	1311	1086
2181.0498046875	n/a	2233396	2110	0
2181.640625	n/a	2234001	1312	1086
2181.640625	n/a	2234001	1311	1138
2186.578125	n/a	2239057	2110	0
2187.146484375	n/a	2239639	1312	1138
2187.146484375	n/a	2239639	1311	1130
2190.8173828125	n/a	2243398	2110	0
2191.390625	n/a	2243985	1312	1130
2191.390625	n/a	2243985	1311	1043
2195.451171875	n/a	2248143	2110	0
2196.03515625	n/a	2248741	1312	1043
2196.03515625	n/a	2248741	1311	1142
2202.12109375	n/a	2254973	2110	0
2202.708984375	n/a	2255575	1312	1142
2202.708984375	n/a	2255575	1311	1214
2207.4091796875	n/a	2260388	2110	0
2207.978515625	n/a	2260971	1312	1214
2207.978515625	n/a	2260971	1311	1159
2212.712890625	n/a	2265819	2110	0
2213.283203125	n/a	2266403	1312	1159
2213.283203125	n/a	2266403	1311	1023
2217.6728515625	n/a	2270898	2110	0
2218.2578125	n/a	2271497	1312	1023
2218.2578125	n/a	2271497	1361	4046
2225.240234375	n/a	2278647	2110	0
2225.828125	n/a	2279249	1362	4046
2225.828125	n/a	2279249	1311	1025
2231.875	n/a	2285441	2110	0
2232.4462890625	n/a	2286026	1312	1025
2232.4462890625	n/a	2286026	1311	1017
2238.9365234375	n/a	2292672	2120	0
2241.873046875	n/a	2295679	1312	1017
2241.873046875	n/a	2295679	1361	4042
2253.54296875	n/a	2307629	2120	0
2256.400390625	n/a	2310555	1362	4042
2256.400390625	n/a	2310555	1311	1061
2267.359375	n/a	2321777	2110	0
2267.951171875	n/a	2322383	1312	1061
2267.951171875	n/a	2322383	1311	1143
2276.134765625	n/a	2330763	2110	0
2276.73046875	n/a	2331373	1312	1143
2276.73046875	n/a	2331373	1311	1205
2282.55859375	n/a	2337341	2110	0
2283.1533203125	n/a	2337950	1312	1205
2283.1533203125	n/a	2337950	1311	1202
2290.3740234375	n/a	2345344	2110	0
2290.9677734375	n/a	2345952	1312	1202
2290.9677734375	n/a	2345952	1311	1048
2294.7177734375	n/a	2349792	2110	0
2295.5986328125	n/a	2350694	1312	1048
2295.5986328125	n/a	2350694	1232	0
2384.4169921875	n/a	2441644	1231	0
2384.4169921875	n/a	2441644	1311	1053
2387.6181640625	n/a	2444922	2110	0
2398.517578125	n/a	2456083	1312	1053
2398.517578125	n/a	2456083	1311	1246
2403.345703125	n/a	2461027	2110	0
2403.9296875	n/a	2461625	1312	1246
2403.9296875	n/a	2461625	1321	4005
2405.513671875	n/a	2463247	2120	0
2407.2880859375	n/a	2465064	1322	4005
2407.2880859375	n/a	2465064	1311	1015
2410.7373046875	n/a	2468596	2110	0
2451.56640625	n/a	2510405	1312	1015
2451.56640625	n/a	2510405	1351	4050
2456.2314453125	n/a	2515182	2110	0
2460.5986328125	n/a	2519654	1352	4050
2460.5986328125	n/a	2519654	1311	1192
2468.0234375	n/a	2527257	2110	0
2468.615234375	n/a	2527863	1312	1192
2468.615234375	n/a	2527863	1311	1150
2473.2470703125	n/a	2532606	2110	0
2475.591796875	n/a	2535007	1312	1150
2475.591796875	n/a	2535007	1311	1146
2479.6953125	n/a	2539209	2110	0
2480.2890625	n/a	2539817	1312	1146
2480.2890625	n/a	2539817	1311	1168
2485.470703125	n/a	2545123	2110	0
2491.5849609375	n/a	2551384	1312	1168
2491.5849609375	n/a	2551384	1311	1055
2495.494140625	n/a	2555387	2110	0
2509.4072265625	n/a	2569634	1312	1055
2509.4072265625	n/a	2569634	1311	1093
2513.75	n/a	2574081	2110	0
2514.3408203125	n/a	2574686	1312	1093
2514.3408203125	n/a	2574686	1311	1080
2518.2451171875	n/a	2578684	2110	0
2518.8212890625	n/a	2579274	1312	1080
2518.8212890625	n/a	2579274	1311	1040
2526.3408203125	n/a	2586974	2110	0
2526.9189453125	n/a	2587566	1312	1040
2526.9189453125	n/a	2587566	1311	1163
2530.8525390625	n/a	2591594	2110	0
2531.4248046875	n/a	2592180	1312	1163
2531.4248046875	n/a	2592180	1311	1170
2533.564453125	n/a	2594371	2110	0
2534.140625	n/a	2594961	1312	1170
2534.140625	n/a	2594961	1331	4033
2538.3642578125	n/a	2599286	2120	0
2541.2763671875	n/a	2602268	1332	4033
2541.2763671875	n/a	2602268	1311	1248
2546.404296875	n/a	2607519	2110	0
2546.990234375	n/a	2608119	1312	1248
2546.990234375	n/a	2608119	1321	4015
2550.091796875	n/a	2611295	2120	0
2551.955078125	n/a	2613203	1322	4015
2551.955078125	n/a	2613203	1311	1236
2557.3798828125	n/a	2618758	2110	0
2557.9697265625	n/a	2619362	1312	1236
2557.9697265625	n/a	2619362	1311	1125
2565.6435546875	n/a	2627220	2110	0
2566.234375	n/a	2627825	1312	1125
2566.234375	n/a	2627825	1311	1083
2569.8916015625	n/a	2631570	2110	0
2570.4833984375	n/a	2632176	1312	1083
2570.4833984375	n/a	2632176	1321	4010
2576.130859375	n/a	2637959	2120	0
2578.7431640625	n/a	2640634	1322	4010
2578.7431640625	n/a	2640634	1311	1057
2582.970703125	n/a	2644963	2110	0
2583.5615234375	n/a	2645568	1312	1057
2583.5615234375	n/a	2645568	1311	1019
2589.69921875	n/a	2651853	2110	0
2590.291015625	n/a	2652459	1312	1019
2590.291015625	n/a	2652459	1351	4048
2599.169921875	n/a	2661551	2120	0
2602.3291015625	n/a	2664786	1352	4048
2602.3291015625	n/a	2664786	1232	0
2658.513671875	n/a	2722319	1231	0
2658.513671875	n/a	2722319	1311	1004
2662.6240234375	n/a	2726528	2110	0
2670.501953125	n/a	2734595	1312	1004
2670.501953125	n/a	2734595	1311	1074
2674.9033203125	n/a	2739102	2110	0
2675.490234375	n/a	2739703	1312	1074
2675.490234375	n/a	2739703	1311	1021
2680.455078125	n/a	2744787	2110	0
2681.03515625	n/a	2745381	1312	1021
2681.03515625	n/a	2745381	1311	1139
2688.5986328125	n/a	2753126	2110	0
2689.1748046875	n/a	2753716	1312	1139
2689.1748046875	n/a	2753716	1321	4014
2690.982421875	n/a	2755567	2120	0
2692.478515625	n/a	2757099	1322	4014
2692.478515625	n/a	2757099	1311	1109
2695.4150390625	n/a	2760106	2110	0
2695.9951171875	n/a	2760700	1312	1109
2695.9951171875	n/a	2760700	1311	1123
2699.55859375	n/a	2764349	2110	0
2700.13671875	n/a	2764941	1312	1123
2700.13671875	n/a	2764941	1311	1185
2703.9423828125	n/a	2768838	2110	0
2704.5263671875	n/a	2769436	1312	1185
2704.5263671875	n/a	2769436	1311	1144
2709.3505859375	n/a	2774376	2110	0
2709.92578125	n/a	2774965	1312	1144
2709.92578125	n/a	2774965	1311	1064
2713.326171875	n/a	2778447	2110	0
2770.5029296875	n/a	2836996	1312	1064
2770.5029296875	n/a	2836996	1311	1252
2775.7236328125	n/a	2842342	2110	0
2776.3115234375	n/a	2842944	1312	1252
2776.3115234375	n/a	2842944	1311	1003
2782.107421875	n/a	2848879	2110	0
2782.693359375	n/a	2849479	1312	1003
2782.693359375	n/a	2849479	1311	1126
2791.8193359375	n/a	2858824	2110	0
2792.4033203125	n/a	2859422	1312	1126
2792.4033203125	n/a	2859422	1311	1028
2796.4130859375	n/a	2863528	2110	0
2800.6845703125	n/a	2867902	3241	0
2806.5439453125	n/a	2873902	1312	1028
2806.5439453125	n/a	2873902	1311	1009
2812.42578125	n/a	2879925	2110	0
2818.5302734375	n/a	2886176	1312	1009
2818.5302734375	n/a	2886176	1311	1124
2824.4658203125	n/a	2892254	2110	0
2825.0556640625	n/a	2892858	1312	1124
2825.0556640625	n/a	2892858	1311	1120
2830.2578125	n/a	2898185	2110	0
2830.8427734375	n/a	2898784	1312	1120
2830.8427734375	n/a	2898784	1311	1213
2835.705078125	n/a	2903763	2110	0
2836.2744140625	n/a	2904346	1312	1213
2836.2744140625	n/a	2904346	1311	1254
2842.544921875	n/a	2910767	2110	0
2843.1259765625	n/a	2911362	1312	1254
2843.1259765625	n/a	2911362	1311	1010
2846.888671875	n/a	2915215	2110	0
2847.4697265625	n/a	2915810	1312	1010
2847.4697265625	n/a	2915810	1321	4008
2848.953125	n/a	2917329	2120	0
2850.640625	n/a	2919057	1322	4008
2850.640625	n/a	2919057	1311	1050
2857.7841796875	n/a	2926372	2110	0
2858.380859375	n/a	2926983	1312	1050
2858.380859375	n/a	2926983	1311	1101
2862.5205078125	n/a	2931222	2110	0
2863.10546875	n/a	2931821	1312	1101
2863.10546875	n/a	2931821	1311	1091
2871.072265625	n/a	2939979	2110	0
2871.6708984375	n/a	2940592	1312	1091
2871.6708984375	n/a	2940592	1311	1245
2875.2958984375	n/a	2944304	2110	0
2875.888671875	n/a	2944911	1312	1245
2875.888671875	n/a	2944911	1311	1038
2880.9296875	n/a	2950073	2110	0
2881.517578125	n/a	2950675	1312	1038
2881.517578125	n/a	2950675	1311	1198
2885.703125	n/a	2954961	2110	0
2886.294921875	n/a	2955567	1312	1198
2886.294921875	n/a	2955567	1311	1088
2892.2470703125	n/a	2961662	2110	0
2892.8408203125	n/a	2962270	1312	1088
2892.8408203125	n/a	2962270	1311	1049
2900.865234375	n/a	2970487	2110	0
2901.4521484375	n/a	2971088	1312	1049
2901.4521484375	n/a	2971088	1311	1002
2907.046875	n/a	2976817	2110	0
2908.013671875	n/a	2977807	1312	1002
2908.013671875	n/a	2977807	1232	0
3188.1123046875	n/a	3264628	3242	0
3197.396484375	n/a	3274135	1231	0
3197.396484375	n/a	3274135	1331	4026
3200.68359375	n/a	3277501	2120	0
3203.2041015625	n/a	3280082	1332	4026
3203.2041015625	n/a	3280082	1341	4040
3206.7236328125	n/a	3283686	2110	0
3207.310546875	n/a	3284287	1342	4040
3207.310546875	n/a	3284287	1311	1137
3211.890625	n/a	3288977	2110	0
3212.4912109375	n/a	3289592	1312	1137
3212.4912109375	n/a	3289592	1331	4022
3215.458984375	n/a	3292631	2120	0
3217.7666015625	n/a	3294994	1332	4022
3217.7666015625	n/a	3294994	1311	1099
3223.130859375	n/a	3300487	2110	0
3223.7197265625	n/a	3301090	1312	1099
3223.7197265625	n/a	3301090	1311	1164
3229.1142578125	n/a	3306614	2110	0
3229.7109375	n/a	3307225	1312	1164
3229.7109375	n/a	3307225	1311	1103
3234.2099609375	n/a	3311832	2110	0
3234.7958984375	n/a	3312432	1312	1103
3234.7958984375	n/a	3312432	1311	1092
3241.2744140625	n/a	3319066	2110	0
3241.8544921875	n/a	3319660	1312	1092
3241.8544921875	n/a	3319660	1311	1242
3248.7216796875	n/a	3326692	2110	0
3249.3017578125	n/a	3327286	1312	1242
3249.3017578125	n/a	3327286	1311	1087
3253.35546875	n/a	3331437	2110	0
3253.947265625	n/a	3332043	1312	1087
3253.947265625	n/a	3332043	1321	4006
3255.4169921875	n/a	3333548	2120	0
3257.0224609375	n/a	3335192	1322	4006
3257.0224609375	n/a	3335192	1311	1106
3260.537109375	n/a	3338791	2110	0
3261.130859375	n/a	3339399	1312	1106
3261.130859375	n/a	3339399	1311	1020
3264.697265625	n/a	3343051	2110	0
3265.294921875	n/a	3343663	1312	1020
3265.294921875	n/a	3343663	1311	1027
3270.552734375	n/a	3349047	2110	0
3271.1376953125	n/a	3349646	1312	1027
3271.1376953125	n/a	3349646	1311	1060
3275.81640625	n/a	3354437	2110	0
3276.404296875	n/a	3355039	1312	1060
3276.404296875	n/a	3355039	1311	1105
3279.9609375	n/a	3358681	2110	0
3280.5390625	n/a	3359273	1312	1105
3280.5390625	n/a	3359273	1311	1154
3287.1201171875	n/a	3366012	2110	0
3290.478515625	n/a	3369451	1312	1154
3290.478515625	n/a	3369451	1311	1167
3294.9599609375	n/a	3374040	2110	0
3301.58203125	n/a	3380821	1312	1167
3301.58203125	n/a	3380821	1311	1136
3308.1591796875	n/a	3387556	2110	0
3308.751953125	n/a	3388163	1312	1136
3308.751953125	n/a	3388163	1311	1188
3312.18359375	n/a	3391677	2110	0
3312.7744140625	n/a	3392282	1312	1188
3312.7744140625	n/a	3392282	1311	1115
3316.79296875	n/a	3396397	2110	0
3318.3896484375	n/a	3398032	1312	1115
3318.3896484375	n/a	3398032	1311	1079
3322.22265625	n/a	3401957	2110	0
3326.587890625	n/a	3406427	1312	1079
3326.587890625	n/a	3406427	1351	4051
3331.990234375	n/a	3411959	2110	0
3332.5751953125	n/a	3412558	1352	4051
3332.5751953125	n/a	3412558	1311	1147
3336.3583984375	n/a	3416432	2110	0
3336.9375	n/a	3417025	1312	1147
3336.9375	n/a	3417025	1311	1039
3341.7900390625	n/a	3421994	2110	0
3342.3720703125	n/a	3422590	1312	1039
3342.3720703125	n/a	3422590	1311	1217
3348.662109375	n/a	3429031	2110	0
3349.2568359375	n/a	3429640	1312	1217
3349.2568359375	n/a	3429640	1361	4053
3356.7412109375	n/a	3437304	2120	0
3359.2314453125	n/a	3439854	1362	4053
3359.2314453125	n/a	3439854	1311	1229
3362.9892578125	n/a	3443702	2110	0
3363.568359375	n/a	3444295	1312	1229
3363.568359375	n/a	3444295	1311	1176
3368.1728515625	n/a	3449010	2110	0
3368.7509765625	n/a	3449602	1312	1176
3368.7509765625	n/a	3449602	1321	4011
3370.4609375	n/a	3451353	2120	0
3372.458984375	n/a	3453399	1322	4011
3372.458984375	n/a	3453399	1311	1022
3375.94921875	n/a	3456973	2110	0
3376.5341796875	n/a	3457572	1312	1022
3376.5341796875	n/a	3457572	1311	1207
3381.0048828125	n/a	3462150	2110	0
3381.591796875	n/a	3462751	1312	1207
3381.591796875	n/a	3462751	1311	1162
3387.638671875	n/a	3468943	2110	0
3388.2294921875	n/a	3469548	1312	1162
3388.2294921875	n/a	3469548	1311	1066
3392.396484375	n/a	3473815	2110	0
3392.974609375	n/a	3474407	1312	1066
3392.974609375	n/a	3474407	1331	4032
3396.251953125	n/a	3477763	2120	0
3398.67578125	n/a	3480245	1332	4032
3398.67578125	n/a	3480245	1311	1240
3403.5556640625	n/a	3485242	2110	0
3404.1396484375	n/a	3485840	1312	1240
3404.1396484375	n/a	3485840	1311	1037
3407.619140625	n/a	3489403	2110	0
3408.2021484375	n/a	3490000	1312	1037
3408.2021484375	n/a	3490000	1341	4038
3414.123046875	n/a	3496063	2120	0
3417.6142578125	n/a	3499638	1342	4038
3417.6142578125	n/a	3499638	1311	1094
3421.9873046875	n/a	3504116	2110	0
3450.4873046875	n/a	3533300	1312	1094
3450.4873046875	n/a	3533300	1311	1118
3455.44140625	n/a	3538373	2110	0
3456.0263671875	n/a	3538972	1312	1118
3456.0263671875	n/a	3538972	1311	1141
3459.4013671875	n/a	3542428	2110	0
3459.994140625	n/a	3543035	1312	1141
3459.994140625	n/a	3543035	1311	1181
3463.953125	n/a	3547089	2110	0
3464.5322265625	n/a	3547682	1312	1181
3464.5322265625	n/a	3547682	1311	1179
3467.9931640625	n/a	3551226	2110	0
3468.5732421875	n/a	3551820	1312	1179
3468.5732421875	n/a	3551820	1311	1062
3472.8330078125	n/a	3556182	2110	0
3472.8330078125	n/a	3556182	1312	1062
3472.8330078125	n/a	3556182	1232	0
3472.8330078125	n/a	3556182	1112	0
